human,RT,error,kaku,,,,
1,1600.4,1,270,f,f,re_right_chair270,https://manayamashita.github.io/experiment-1/M1_1_image/re_right_chair270.png
1,1050.9,1,180,f,f,re_right_chair180,https://manayamashita.github.io/experiment-1/M1_1_image/re_right_chair180.png
1,1873.7,1,90,f,f,re_left_chair90,https://manayamashita.github.io/experiment-1/M1_1_image/re_left_chair90.png
1,1069.8,1,135,j,j,left_chair135,https://manayamashita.github.io/experiment-1/M1_1_image/left_chair135.png
1,952.3,1,270,j,j,left_chair270,https://manayamashita.github.io/experiment-1/M1_1_image/left_chair270.png
1,662.9,1,90,j,j,right_chair90,https://manayamashita.github.io/experiment-1/M1_1_image/right_chair90.png
1,659.5,1,90,j,j,left_chair90,https://manayamashita.github.io/experiment-1/M1_1_image/left_chair90.png
1,1092.5,1,315,f,f,re_right_chair315,https://manayamashita.github.io/experiment-1/M1_1_image/re_right_chair315.png
1,1150.6,1,225,j,j,right_chair225,https://manayamashita.github.io/experiment-1/M1_1_image/right_chair225.png
1,943.2,1,225,f,f,re_right_chair225,https://manayamashita.github.io/experiment-1/M1_1_image/re_right_chair225.png
1,866.6,1,135,j,j,right_chair135,https://manayamashita.github.io/experiment-1/M1_1_image/right_chair135.png
1,778.1,1,45,f,f,re_left_chair45,https://manayamashita.github.io/experiment-1/M1_1_image/re_left_chair45.png
1,607.9,1,0,j,j,left_chair0,https://manayamashita.github.io/experiment-1/M1_1_image/left_chair0.png
1,831.6,1,225,j,j,left_chair225,https://manayamashita.github.io/experiment-1/M1_1_image/left_chair225.png
1,675.9,1,315,f,f,re_left_chair315,https://manayamashita.github.io/experiment-1/M1_1_image/re_left_chair315.png
1,800.7,1,0,f,f,re_right_chair0,https://manayamashita.github.io/experiment-1/M1_1_image/re_right_chair0.png
1,1068.4,1,180,j,j,left_chair180,https://manayamashita.github.io/experiment-1/M1_1_image/left_chair180.png
1,1357.3,1,270,f,f,re_left_chair270,https://manayamashita.github.io/experiment-1/M1_1_image/re_left_chair270.png
1,1840.8,1,225,f,f,re_left_chair225,https://manayamashita.github.io/experiment-1/M1_1_image/re_left_chair225.png
1,1391.2,1,180,f,f,re_left_chair180,https://manayamashita.github.io/experiment-1/M1_1_image/re_left_chair180.png
1,1598.1,1,180,j,j,right_chair180,https://manayamashita.github.io/experiment-1/M1_1_image/right_chair180.png
1,1325.1,1,90,f,f,re_right_chair90,https://manayamashita.github.io/experiment-1/M1_1_image/re_right_chair90.png
1,722.8,1,315,j,j,right_chair315,https://manayamashita.github.io/experiment-1/M1_1_image/right_chair315.png
1,670.8,1,45,j,j,left_chair45,https://manayamashita.github.io/experiment-1/M1_1_image/left_chair45.png
1,580.2,1,315,j,j,left_chair315,https://manayamashita.github.io/experiment-1/M1_1_image/left_chair315.png
1,694.8,1,45,f,f,re_right_chair45,https://manayamashita.github.io/experiment-1/M1_1_image/re_right_chair45.png
1,783.3,1,0,f,f,re_left_chair0,https://manayamashita.github.io/experiment-1/M1_1_image/re_left_chair0.png
1,1094.1,1,135,f,f,re_right_chair135,https://manayamashita.github.io/experiment-1/M1_1_image/re_right_chair135.png
1,1116.4,1,135,f,f,re_left_chair135,https://manayamashita.github.io/experiment-1/M1_1_image/re_left_chair135.png
1,590.9,1,0,j,j,right_chair0,https://manayamashita.github.io/experiment-1/M1_1_image/right_chair0.png
1,660.5,1,45,j,j,right_chair45,https://manayamashita.github.io/experiment-1/M1_1_image/right_chair45.png
1,1962.2,1,270,j,j,right_chair270,https://manayamashita.github.io/experiment-1/M1_1_image/right_chair270.png
1,718,1,45,j,j,left_chair45,https://manayamashita.github.io/experiment-1/M1_1_image/left_chair45.png
1,720.1,1,0,j,j,left_chair0,https://manayamashita.github.io/experiment-1/M1_1_image/left_chair0.png
1,638.6,1,45,f,f,re_right_chair45,https://manayamashita.github.io/experiment-1/M1_1_image/re_right_chair45.png
1,904.6,1,180,j,j,right_chair180,https://manayamashita.github.io/experiment-1/M1_1_image/right_chair180.png
1,796.2,1,315,j,j,right_chair315,https://manayamashita.github.io/experiment-1/M1_1_image/right_chair315.png
1,584.3,1,0,j,j,right_chair0,https://manayamashita.github.io/experiment-1/M1_1_image/right_chair0.png
1,657.3,1,270,j,j,left_chair270,https://manayamashita.github.io/experiment-1/M1_1_image/left_chair270.png
1,1429.5,1,135,j,j,left_chair135,https://manayamashita.github.io/experiment-1/M1_1_image/left_chair135.png
1,1956.3,1,180,f,f,re_right_chair180,https://manayamashita.github.io/experiment-1/M1_1_image/re_right_chair180.png
1,725.7,1,0,f,f,re_left_chair0,https://manayamashita.github.io/experiment-1/M1_1_image/re_left_chair0.png
1,737.9,1,315,j,j,left_chair315,https://manayamashita.github.io/experiment-1/M1_1_image/left_chair315.png
1,1523.7,1,225,f,f,re_left_chair225,https://manayamashita.github.io/experiment-1/M1_1_image/re_left_chair225.png
1,849.3,1,225,j,j,left_chair225,https://manayamashita.github.io/experiment-1/M1_1_image/left_chair225.png
1,1033.7,1,45,f,f,re_left_chair45,https://manayamashita.github.io/experiment-1/M1_1_image/re_left_chair45.png
1,715.9,1,135,j,j,right_chair135,https://manayamashita.github.io/experiment-1/M1_1_image/right_chair135.png
1,621.8,1,270,j,j,right_chair270,https://manayamashita.github.io/experiment-1/M1_1_image/right_chair270.png
1,687.6,1,0,f,f,re_right_chair0,https://manayamashita.github.io/experiment-1/M1_1_image/re_right_chair0.png
1,782.3,1,270,f,f,re_right_chair270,https://manayamashita.github.io/experiment-1/M1_1_image/re_right_chair270.png
1,781.4,1,315,f,f,re_right_chair315,https://manayamashita.github.io/experiment-1/M1_1_image/re_right_chair315.png
1,591.1,1,90,j,j,left_chair90,https://manayamashita.github.io/experiment-1/M1_1_image/left_chair90.png
1,949.6,1,135,f,f,re_left_chair135,https://manayamashita.github.io/experiment-1/M1_1_image/re_left_chair135.png
1,1266.4,1,270,f,f,re_left_chair270,https://manayamashita.github.io/experiment-1/M1_1_image/re_left_chair270.png
1,798.3,1,315,f,f,re_left_chair315,https://manayamashita.github.io/experiment-1/M1_1_image/re_left_chair315.png
1,1225.9,1,180,j,j,left_chair180,https://manayamashita.github.io/experiment-1/M1_1_image/left_chair180.png
1,864.8,1,90,f,f,re_right_chair90,https://manayamashita.github.io/experiment-1/M1_1_image/re_right_chair90.png
1,1199.7,1,225,f,f,re_right_chair225,https://manayamashita.github.io/experiment-1/M1_1_image/re_right_chair225.png
1,831.3,1,225,j,j,right_chair225,https://manayamashita.github.io/experiment-1/M1_1_image/right_chair225.png
1,599.4,1,90,j,j,right_chair90,https://manayamashita.github.io/experiment-1/M1_1_image/right_chair90.png
1,1053.1,1,135,f,f,re_right_chair135,https://manayamashita.github.io/experiment-1/M1_1_image/re_right_chair135.png
1,636.7,1,90,f,f,re_left_chair90,https://manayamashita.github.io/experiment-1/M1_1_image/re_left_chair90.png
1,923.3,1,180,f,f,re_left_chair180,https://manayamashita.github.io/experiment-1/M1_1_image/re_left_chair180.png
1,839.9,1,45,j,j,right_chair45,https://manayamashita.github.io/experiment-1/M1_1_image/right_chair45.png
,,,,,,,
2,720.6,1,135,j,j,right_chair135,https://manayamashita.github.io/experiment-1/M1_1_image/right_chair135.png
2,2677.9,0,225,f,j,right_chair225,https://manayamashita.github.io/experiment-1/M1_1_image/right_chair225.png
2,816.1,1,90,j,j,right_chair90,https://manayamashita.github.io/experiment-1/M1_1_image/right_chair90.png
2,1001.6,1,315,f,f,re_right_chair315,https://manayamashita.github.io/experiment-1/M1_1_image/re_right_chair315.png
2,749.9,1,225,j,j,left_chair225,https://manayamashita.github.io/experiment-1/M1_1_image/left_chair225.png
2,942,1,0,f,f,re_left_chair0,https://manayamashita.github.io/experiment-1/M1_1_image/re_left_chair0.png
2,1840.6,1,315,j,j,right_chair315,https://manayamashita.github.io/experiment-1/M1_1_image/right_chair315.png
2,1556.4,0,180,j,f,re_right_chair180,https://manayamashita.github.io/experiment-1/M1_1_image/re_right_chair180.png
2,916,1,45,j,j,right_chair45,https://manayamashita.github.io/experiment-1/M1_1_image/right_chair45.png
2,986.9,0,225,j,f,re_right_chair225,https://manayamashita.github.io/experiment-1/M1_1_image/re_right_chair225.png
2,1668.8,1,45,f,f,re_right_chair45,https://manayamashita.github.io/experiment-1/M1_1_image/re_right_chair45.png
2,1039.3,1,270,j,j,left_chair270,https://manayamashita.github.io/experiment-1/M1_1_image/left_chair270.png
2,1224.6,1,90,f,f,re_left_chair90,https://manayamashita.github.io/experiment-1/M1_1_image/re_left_chair90.png
2,1371.9,1,90,f,f,re_right_chair90,https://manayamashita.github.io/experiment-1/M1_1_image/re_right_chair90.png
2,1515.2,0,180,j,f,re_left_chair180,https://manayamashita.github.io/experiment-1/M1_1_image/re_left_chair180.png
2,1540.3,0,270,f,j,right_chair270,https://manayamashita.github.io/experiment-1/M1_1_image/right_chair270.png
2,1370.8,1,45,f,f,re_left_chair45,https://manayamashita.github.io/experiment-1/M1_1_image/re_left_chair45.png
2,1501.4,0,0,f,j,left_chair0,https://manayamashita.github.io/experiment-1/M1_1_image/left_chair0.png
2,1000.4,0,225,j,f,re_left_chair225,https://manayamashita.github.io/experiment-1/M1_1_image/re_left_chair225.png
2,1051.7,1,270,f,f,re_left_chair270,https://manayamashita.github.io/experiment-1/M1_1_image/re_left_chair270.png
2,934.5,1,180,j,j,right_chair180,https://manayamashita.github.io/experiment-1/M1_1_image/right_chair180.png
2,645.8,1,180,j,j,left_chair180,https://manayamashita.github.io/experiment-1/M1_1_image/left_chair180.png
2,1166.2,1,0,f,f,re_right_chair0,https://manayamashita.github.io/experiment-1/M1_1_image/re_right_chair0.png
2,1333.1,1,315,j,j,left_chair315,https://manayamashita.github.io/experiment-1/M1_1_image/left_chair315.png
2,2005.4,0,90,f,j,left_chair90,https://manayamashita.github.io/experiment-1/M1_1_image/left_chair90.png
2,1013.3,1,315,f,f,re_left_chair315,https://manayamashita.github.io/experiment-1/M1_1_image/re_left_chair315.png
2,1724.4,1,135,j,j,left_chair135,https://manayamashita.github.io/experiment-1/M1_1_image/left_chair135.png
2,1929,1,0,j,j,right_chair0,https://manayamashita.github.io/experiment-1/M1_1_image/right_chair0.png
2,2434.9,0,135,j,f,re_left_chair135,https://manayamashita.github.io/experiment-1/M1_1_image/re_left_chair135.png
2,736.7,0,135,j,f,re_right_chair135,https://manayamashita.github.io/experiment-1/M1_1_image/re_right_chair135.png
2,969.6,0,270,j,f,re_right_chair270,https://manayamashita.github.io/experiment-1/M1_1_image/re_right_chair270.png
2,2908.5,1,45,j,j,left_chair45,https://manayamashita.github.io/experiment-1/M1_1_image/left_chair45.png
2,1434,1,315,j,j,left_chair315,https://manayamashita.github.io/experiment-1/M1_1_image/left_chair315.png
2,1586.7,1,45,j,j,left_chair45,https://manayamashita.github.io/experiment-1/M1_1_image/left_chair45.png
2,1626.7,1,315,f,f,re_right_chair315,https://manayamashita.github.io/experiment-1/M1_1_image/re_right_chair315.png
2,664.4,1,270,j,j,left_chair270,https://manayamashita.github.io/experiment-1/M1_1_image/left_chair270.png
2,711.4,1,45,j,j,right_chair45,https://manayamashita.github.io/experiment-1/M1_1_image/right_chair45.png
2,794.6,1,225,j,j,right_chair225,https://manayamashita.github.io/experiment-1/M1_1_image/right_chair225.png
2,2231.2,1,0,j,j,left_chair0,https://manayamashita.github.io/experiment-1/M1_1_image/left_chair0.png
2,700.2,1,225,j,j,left_chair225,https://manayamashita.github.io/experiment-1/M1_1_image/left_chair225.png
2,1579.6,1,45,f,f,re_left_chair45,https://manayamashita.github.io/experiment-1/M1_1_image/re_left_chair45.png
2,627,1,180,j,j,right_chair180,https://manayamashita.github.io/experiment-1/M1_1_image/right_chair180.png
2,2461.7,1,315,f,f,re_left_chair315,https://manayamashita.github.io/experiment-1/M1_1_image/re_left_chair315.png
2,2036,1,90,f,f,re_left_chair90,https://manayamashita.github.io/experiment-1/M1_1_image/re_left_chair90.png
2,804,1,270,j,j,right_chair270,https://manayamashita.github.io/experiment-1/M1_1_image/right_chair270.png
2,584.3,0,135,j,f,re_right_chair135,https://manayamashita.github.io/experiment-1/M1_1_image/re_right_chair135.png
2,828.8,1,270,f,f,re_left_chair270,https://manayamashita.github.io/experiment-1/M1_1_image/re_left_chair270.png
2,1221,0,180,j,f,re_left_chair180,https://manayamashita.github.io/experiment-1/M1_1_image/re_left_chair180.png
2,1526.1,1,135,j,j,left_chair135,https://manayamashita.github.io/experiment-1/M1_1_image/left_chair135.png
2,1593.5,1,90,j,j,left_chair90,https://manayamashita.github.io/experiment-1/M1_1_image/left_chair90.png
2,1492.2,0,135,j,f,re_left_chair135,https://manayamashita.github.io/experiment-1/M1_1_image/re_left_chair135.png
2,762.8,1,90,j,j,right_chair90,https://manayamashita.github.io/experiment-1/M1_1_image/right_chair90.png
2,707.8,0,225,j,f,re_left_chair225,https://manayamashita.github.io/experiment-1/M1_1_image/re_left_chair225.png
2,2105.2,1,180,f,f,re_right_chair180,https://manayamashita.github.io/experiment-1/M1_1_image/re_right_chair180.png
2,2166.8,1,0,f,f,re_right_chair0,https://manayamashita.github.io/experiment-1/M1_1_image/re_right_chair0.png
2,1226.6,1,90,f,f,re_right_chair90,https://manayamashita.github.io/experiment-1/M1_1_image/re_right_chair90.png
2,1785.3,1,315,j,j,right_chair315,https://manayamashita.github.io/experiment-1/M1_1_image/right_chair315.png
2,1284.3,1,45,f,f,re_right_chair45,https://manayamashita.github.io/experiment-1/M1_1_image/re_right_chair45.png
2,1412,0,225,j,f,re_right_chair225,https://manayamashita.github.io/experiment-1/M1_1_image/re_right_chair225.png
2,1175.9,1,270,f,f,re_right_chair270,https://manayamashita.github.io/experiment-1/M1_1_image/re_right_chair270.png
2,883,1,0,j,j,right_chair0,https://manayamashita.github.io/experiment-1/M1_1_image/right_chair0.png
2,869.8,1,0,f,f,re_left_chair0,https://manayamashita.github.io/experiment-1/M1_1_image/re_left_chair0.png
2,635,1,180,j,j,left_chair180,https://manayamashita.github.io/experiment-1/M1_1_image/left_chair180.png
2,568,1,135,j,j,right_chair135,https://manayamashita.github.io/experiment-1/M1_1_image/right_chair135.png
,,,,,,,
3,1075.8,1,45,f,f,re_left_chair45,https://manayamashita.github.io/experiment-1/M1_1_image/re_left_chair45.png
3,1338.2,1,0,f,f,re_right_chair0,https://manayamashita.github.io/experiment-1/M1_1_image/re_right_chair0.png
3,777.3,1,270,f,f,re_left_chair270,https://manayamashita.github.io/experiment-1/M1_1_image/re_left_chair270.png
3,827.3,1,315,f,f,re_right_chair315,https://manayamashita.github.io/experiment-1/M1_1_image/re_right_chair315.png
3,720.4,0,180,j,f,re_left_chair180,https://manayamashita.github.io/experiment-1/M1_1_image/re_left_chair180.png
3,702.3,1,270,j,j,right_chair270,https://manayamashita.github.io/experiment-1/M1_1_image/right_chair270.png
3,659.8,1,90,f,f,re_right_chair90,https://manayamashita.github.io/experiment-1/M1_1_image/re_right_chair90.png
3,1662.1,0,180,j,f,re_right_chair180,https://manayamashita.github.io/experiment-1/M1_1_image/re_right_chair180.png
3,789,1,225,j,j,right_chair225,https://manayamashita.github.io/experiment-1/M1_1_image/right_chair225.png
3,709.5,1,45,j,j,right_chair45,https://manayamashita.github.io/experiment-1/M1_1_image/right_chair45.png
3,765.3,1,135,f,f,re_right_chair135,https://manayamashita.github.io/experiment-1/M1_1_image/re_right_chair135.png
3,780.9,1,45,f,f,re_right_chair45,https://manayamashita.github.io/experiment-1/M1_1_image/re_right_chair45.png
3,693.4,1,0,j,j,left_chair0,https://manayamashita.github.io/experiment-1/M1_1_image/left_chair0.png
3,622.6,1,315,j,j,left_chair315,https://manayamashita.github.io/experiment-1/M1_1_image/left_chair315.png
3,593.6,1,315,j,j,right_chair315,https://manayamashita.github.io/experiment-1/M1_1_image/right_chair315.png
3,769.6,1,90,j,j,left_chair90,https://manayamashita.github.io/experiment-1/M1_1_image/left_chair90.png
3,581.3,1,0,f,f,re_left_chair0,https://manayamashita.github.io/experiment-1/M1_1_image/re_left_chair0.png
3,568.6,0,270,j,f,re_right_chair270,https://manayamashita.github.io/experiment-1/M1_1_image/re_right_chair270.png
3,393.9,1,0,j,j,right_chair0,https://manayamashita.github.io/experiment-1/M1_1_image/right_chair0.png
3,573.8,1,270,j,j,left_chair270,https://manayamashita.github.io/experiment-1/M1_1_image/left_chair270.png
3,525.8,1,90,f,f,re_left_chair90,https://manayamashita.github.io/experiment-1/M1_1_image/re_left_chair90.png
3,891.1,0,225,j,f,re_right_chair225,https://manayamashita.github.io/experiment-1/M1_1_image/re_right_chair225.png
3,540.9,1,180,j,j,right_chair180,https://manayamashita.github.io/experiment-1/M1_1_image/right_chair180.png
3,568.3,1,180,j,j,left_chair180,https://manayamashita.github.io/experiment-1/M1_1_image/left_chair180.png
3,580.2,1,135,j,j,right_chair135,https://manayamashita.github.io/experiment-1/M1_1_image/right_chair135.png
3,572.2,1,45,j,j,left_chair45,https://manayamashita.github.io/experiment-1/M1_1_image/left_chair45.png
3,712.3,1,135,f,f,re_left_chair135,https://manayamashita.github.io/experiment-1/M1_1_image/re_left_chair135.png
3,713.1,1,315,f,f,re_left_chair315,https://manayamashita.github.io/experiment-1/M1_1_image/re_left_chair315.png
3,441.5,0,225,f,j,left_chair225,https://manayamashita.github.io/experiment-1/M1_1_image/left_chair225.png
3,746,1,225,f,f,re_left_chair225,https://manayamashita.github.io/experiment-1/M1_1_image/re_left_chair225.png
3,644.4,1,135,j,j,left_chair135,https://manayamashita.github.io/experiment-1/M1_1_image/left_chair135.png
3,533.8,1,90,j,j,right_chair90,https://manayamashita.github.io/experiment-1/M1_1_image/right_chair90.png
3,885,1,225,j,j,left_chair225,https://manayamashita.github.io/experiment-1/M1_1_image/left_chair225.png
3,559.2,1,315,f,f,re_right_chair315,https://manayamashita.github.io/experiment-1/M1_1_image/re_right_chair315.png
3,652.1,1,45,f,f,re_left_chair45,https://manayamashita.github.io/experiment-1/M1_1_image/re_left_chair45.png
3,530.6,1,45,j,j,left_chair45,https://manayamashita.github.io/experiment-1/M1_1_image/left_chair45.png
3,524.3,1,90,j,j,right_chair90,https://manayamashita.github.io/experiment-1/M1_1_image/right_chair90.png
3,780.1,1,135,j,j,right_chair135,https://manayamashita.github.io/experiment-1/M1_1_image/right_chair135.png
3,829.1,1,135,f,f,re_left_chair135,https://manayamashita.github.io/experiment-1/M1_1_image/re_left_chair135.png
3,1009.8,1,225,f,f,re_right_chair225,https://manayamashita.github.io/experiment-1/M1_1_image/re_right_chair225.png
3,601.3,1,315,j,j,left_chair315,https://manayamashita.github.io/experiment-1/M1_1_image/left_chair315.png
3,683.9,1,270,j,j,right_chair270,https://manayamashita.github.io/experiment-1/M1_1_image/right_chair270.png
3,521.5,0,135,f,j,left_chair135,https://manayamashita.github.io/experiment-1/M1_1_image/left_chair135.png
3,592.3,1,315,f,f,re_left_chair315,https://manayamashita.github.io/experiment-1/M1_1_image/re_left_chair315.png
3,883.5,1,180,f,f,re_left_chair180,https://manayamashita.github.io/experiment-1/M1_1_image/re_left_chair180.png
3,733.8,1,270,f,f,re_right_chair270,https://manayamashita.github.io/experiment-1/M1_1_image/re_right_chair270.png
3,728.7,0,135,j,f,re_right_chair135,https://manayamashita.github.io/experiment-1/M1_1_image/re_right_chair135.png
3,492.2,1,315,j,j,right_chair315,https://manayamashita.github.io/experiment-1/M1_1_image/right_chair315.png
3,469.9,1,0,f,f,re_left_chair0,https://manayamashita.github.io/experiment-1/M1_1_image/re_left_chair0.png
3,532.8,1,0,j,j,left_chair0,https://manayamashita.github.io/experiment-1/M1_1_image/left_chair0.png
3,983.7,1,270,f,f,re_left_chair270,https://manayamashita.github.io/experiment-1/M1_1_image/re_left_chair270.png
3,651,1,90,f,f,re_right_chair90,https://manayamashita.github.io/experiment-1/M1_1_image/re_right_chair90.png
3,861.2,0,180,f,j,right_chair180,https://manayamashita.github.io/experiment-1/M1_1_image/right_chair180.png
3,580,1,0,f,f,re_right_chair0,https://manayamashita.github.io/experiment-1/M1_1_image/re_right_chair0.png
3,919.1,0,180,f,j,left_chair180,https://manayamashita.github.io/experiment-1/M1_1_image/left_chair180.png
3,447.5,1,0,j,j,right_chair0,https://manayamashita.github.io/experiment-1/M1_1_image/right_chair0.png
3,712,1,225,f,f,re_left_chair225,https://manayamashita.github.io/experiment-1/M1_1_image/re_left_chair225.png
3,995.2,1,180,f,f,re_right_chair180,https://manayamashita.github.io/experiment-1/M1_1_image/re_right_chair180.png
3,497.2,1,45,j,j,right_chair45,https://manayamashita.github.io/experiment-1/M1_1_image/right_chair45.png
3,793.4,1,45,f,f,re_right_chair45,https://manayamashita.github.io/experiment-1/M1_1_image/re_right_chair45.png
3,642.4,1,270,j,j,left_chair270,https://manayamashita.github.io/experiment-1/M1_1_image/left_chair270.png
3,592.4,1,225,j,j,right_chair225,https://manayamashita.github.io/experiment-1/M1_1_image/right_chair225.png
3,635.8,1,90,j,j,left_chair90,https://manayamashita.github.io/experiment-1/M1_1_image/left_chair90.png
3,672,1,90,f,f,re_left_chair90,https://manayamashita.github.io/experiment-1/M1_1_image/re_left_chair90.png
,,,,,,,
4,865.3,1,225,f,f,re_left_chair225,https://manayamashita.github.io/experiment-1/M1_1_image/re_left_chair225.png
4,822.4,1,270,j,j,right_chair270,https://manayamashita.github.io/experiment-1/M1_1_image/right_chair270.png
4,795,1,0,f,f,re_right_chair0,https://manayamashita.github.io/experiment-1/M1_1_image/re_right_chair0.png
4,1222.4,0,180,j,f,re_right_chair180,https://manayamashita.github.io/experiment-1/M1_1_image/re_right_chair180.png
4,738.1,1,90,f,f,re_left_chair90,https://manayamashita.github.io/experiment-1/M1_1_image/re_left_chair90.png
4,682.6,1,135,j,j,right_chair135,https://manayamashita.github.io/experiment-1/M1_1_image/right_chair135.png
4,1275,1,90,j,j,left_chair90,https://manayamashita.github.io/experiment-1/M1_1_image/left_chair90.png
4,564.1,1,0,j,j,left_chair0,https://manayamashita.github.io/experiment-1/M1_1_image/left_chair0.png
4,1217.7,1,270,f,f,re_left_chair270,https://manayamashita.github.io/experiment-1/M1_1_image/re_left_chair270.png
4,676.8,1,0,f,f,re_left_chair0,https://manayamashita.github.io/experiment-1/M1_1_image/re_left_chair0.png
4,833.9,0,180,j,f,re_left_chair180,https://manayamashita.github.io/experiment-1/M1_1_image/re_left_chair180.png
4,1059.3,1,45,f,f,re_right_chair45,https://manayamashita.github.io/experiment-1/M1_1_image/re_right_chair45.png
4,596.7,1,315,j,j,right_chair315,https://manayamashita.github.io/experiment-1/M1_1_image/right_chair315.png
4,1658.8,1,135,f,f,re_left_chair135,https://manayamashita.github.io/experiment-1/M1_1_image/re_left_chair135.png
4,738.4,1,90,j,j,right_chair90,https://manayamashita.github.io/experiment-1/M1_1_image/right_chair90.png
4,924.4,1,180,j,j,right_chair180,https://manayamashita.github.io/experiment-1/M1_1_image/right_chair180.png
4,599.9,1,315,f,f,re_left_chair315,https://manayamashita.github.io/experiment-1/M1_1_image/re_left_chair315.png
4,1104.4,0,225,j,f,re_right_chair225,https://manayamashita.github.io/experiment-1/M1_1_image/re_right_chair225.png
4,710.5,1,270,j,j,left_chair270,https://manayamashita.github.io/experiment-1/M1_1_image/left_chair270.png
4,590.4,1,0,j,j,right_chair0,https://manayamashita.github.io/experiment-1/M1_1_image/right_chair0.png
4,645.2,1,45,j,j,left_chair45,https://manayamashita.github.io/experiment-1/M1_1_image/left_chair45.png
4,722.9,1,90,f,f,re_right_chair90,https://manayamashita.github.io/experiment-1/M1_1_image/re_right_chair90.png
4,1000.3,0,270,j,f,re_right_chair270,https://manayamashita.github.io/experiment-1/M1_1_image/re_right_chair270.png
4,1181.3,1,135,j,j,left_chair135,https://manayamashita.github.io/experiment-1/M1_1_image/left_chair135.png
4,858.3,1,225,j,j,left_chair225,https://manayamashita.github.io/experiment-1/M1_1_image/left_chair225.png
4,850.2,0,135,j,f,re_right_chair135,https://manayamashita.github.io/experiment-1/M1_1_image/re_right_chair135.png
4,922.6,1,45,f,f,re_left_chair45,https://manayamashita.github.io/experiment-1/M1_1_image/re_left_chair45.png
4,633.3,1,45,j,j,right_chair45,https://manayamashita.github.io/experiment-1/M1_1_image/right_chair45.png
4,899.5,1,225,j,j,right_chair225,https://manayamashita.github.io/experiment-1/M1_1_image/right_chair225.png
4,684.9,1,315,f,f,re_right_chair315,https://manayamashita.github.io/experiment-1/M1_1_image/re_right_chair315.png
4,570.5,1,315,j,j,left_chair315,https://manayamashita.github.io/experiment-1/M1_1_image/left_chair315.png
4,1341.1,1,180,j,j,left_chair180,https://manayamashita.github.io/experiment-1/M1_1_image/left_chair180.png
4,1376.7,1,225,f,f,re_left_chair225,https://manayamashita.github.io/experiment-1/M1_1_image/re_left_chair225.png
4,860.2,1,180,j,j,right_chair180,https://manayamashita.github.io/experiment-1/M1_1_image/right_chair180.png
4,886.6,1,135,f,f,re_right_chair135,https://manayamashita.github.io/experiment-1/M1_1_image/re_right_chair135.png
4,739.2,1,45,j,j,right_chair45,https://manayamashita.github.io/experiment-1/M1_1_image/right_chair45.png
4,687.9,1,270,f,f,re_right_chair270,https://manayamashita.github.io/experiment-1/M1_1_image/re_right_chair270.png
4,687.5,0,0,j,f,re_right_chair0,https://manayamashita.github.io/experiment-1/M1_1_image/re_right_chair0.png
4,1388.7,1,315,f,f,re_left_chair315,https://manayamashita.github.io/experiment-1/M1_1_image/re_left_chair315.png
4,789,1,270,j,j,right_chair270,https://manayamashita.github.io/experiment-1/M1_1_image/right_chair270.png
4,1440.5,1,180,f,f,re_left_chair180,https://manayamashita.github.io/experiment-1/M1_1_image/re_left_chair180.png
4,820.6,1,90,j,j,right_chair90,https://manayamashita.github.io/experiment-1/M1_1_image/right_chair90.png
4,551.2,1,315,j,j,left_chair315,https://manayamashita.github.io/experiment-1/M1_1_image/left_chair315.png
4,920,1,225,j,j,right_chair225,https://manayamashita.github.io/experiment-1/M1_1_image/right_chair225.png
4,757.4,1,225,f,f,re_right_chair225,https://manayamashita.github.io/experiment-1/M1_1_image/re_right_chair225.png
4,676.9,1,0,f,f,re_left_chair0,https://manayamashita.github.io/experiment-1/M1_1_image/re_left_chair0.png
4,581.2,1,0,j,j,right_chair0,https://manayamashita.github.io/experiment-1/M1_1_image/right_chair0.png
4,1101.4,1,135,f,f,re_left_chair135,https://manayamashita.github.io/experiment-1/M1_1_image/re_left_chair135.png
4,1106.2,1,180,j,j,left_chair180,https://manayamashita.github.io/experiment-1/M1_1_image/left_chair180.png
4,813.5,1,135,j,j,left_chair135,https://manayamashita.github.io/experiment-1/M1_1_image/left_chair135.png
4,612.4,1,90,j,j,left_chair90,https://manayamashita.github.io/experiment-1/M1_1_image/left_chair90.png
4,654.1,1,135,j,j,right_chair135,https://manayamashita.github.io/experiment-1/M1_1_image/right_chair135.png
4,705,1,90,f,f,re_right_chair90,https://manayamashita.github.io/experiment-1/M1_1_image/re_right_chair90.png
4,2863.3,0,180,j,f,re_right_chair180,https://manayamashita.github.io/experiment-1/M1_1_image/re_right_chair180.png
4,1187.3,1,45,f,f,re_right_chair45,https://manayamashita.github.io/experiment-1/M1_1_image/re_right_chair45.png
4,708.8,1,45,j,j,left_chair45,https://manayamashita.github.io/experiment-1/M1_1_image/left_chair45.png
4,954.7,1,225,j,j,left_chair225,https://manayamashita.github.io/experiment-1/M1_1_image/left_chair225.png
4,972.7,1,0,j,j,left_chair0,https://manayamashita.github.io/experiment-1/M1_1_image/left_chair0.png
4,898.8,1,45,f,f,re_left_chair45,https://manayamashita.github.io/experiment-1/M1_1_image/re_left_chair45.png
4,651.5,1,315,j,j,right_chair315,https://manayamashita.github.io/experiment-1/M1_1_image/right_chair315.png
4,592.6,1,315,f,f,re_right_chair315,https://manayamashita.github.io/experiment-1/M1_1_image/re_right_chair315.png
4,819.8,1,270,j,j,left_chair270,https://manayamashita.github.io/experiment-1/M1_1_image/left_chair270.png
4,1380.6,1,90,f,f,re_left_chair90,https://manayamashita.github.io/experiment-1/M1_1_image/re_left_chair90.png
4,847.9,1,270,f,f,re_left_chair270,https://manayamashita.github.io/experiment-1/M1_1_image/re_left_chair270.png
,,,,,,,
5,795.5,1,0,f,f,re_left_chair0,https://manayamashita.github.io/experiment-1/M1_1_image/re_left_chair0.png
5,740.6,1,270,j,j,left_chair270,https://manayamashita.github.io/experiment-1/M1_1_image/left_chair270.png
5,864.2,1,135,j,j,right_chair135,https://manayamashita.github.io/experiment-1/M1_1_image/right_chair135.png
5,784.7,1,90,f,f,re_right_chair90,https://manayamashita.github.io/experiment-1/M1_1_image/re_right_chair90.png
5,1619.1,1,135,f,f,re_left_chair135,https://manayamashita.github.io/experiment-1/M1_1_image/re_left_chair135.png
5,846.4,1,180,j,j,right_chair180,https://manayamashita.github.io/experiment-1/M1_1_image/right_chair180.png
5,733.4,1,45,f,f,re_right_chair45,https://manayamashita.github.io/experiment-1/M1_1_image/re_right_chair45.png
5,745.1,1,45,j,j,left_chair45,https://manayamashita.github.io/experiment-1/M1_1_image/left_chair45.png
5,706.3,1,180,j,j,left_chair180,https://manayamashita.github.io/experiment-1/M1_1_image/left_chair180.png
5,907.3,1,90,f,f,re_left_chair90,https://manayamashita.github.io/experiment-1/M1_1_image/re_left_chair90.png
5,671,1,270,f,f,re_left_chair270,https://manayamashita.github.io/experiment-1/M1_1_image/re_left_chair270.png
5,750.9,1,135,j,j,left_chair135,https://manayamashita.github.io/experiment-1/M1_1_image/left_chair135.png
5,1155.5,1,225,f,f,re_left_chair225,https://manayamashita.github.io/experiment-1/M1_1_image/re_left_chair225.png
5,601.4,1,0,j,j,left_chair0,https://manayamashita.github.io/experiment-1/M1_1_image/left_chair0.png
5,4682.9,1,135,f,f,re_right_chair135,https://manayamashita.github.io/experiment-1/M1_1_image/re_right_chair135.png
5,870.6,1,90,j,j,right_chair90,https://manayamashita.github.io/experiment-1/M1_1_image/right_chair90.png
5,760.5,1,315,j,j,left_chair315,https://manayamashita.github.io/experiment-1/M1_1_image/left_chair315.png
5,917.5,1,315,f,f,re_right_chair315,https://manayamashita.github.io/experiment-1/M1_1_image/re_right_chair315.png
5,774.7,1,225,j,j,right_chair225,https://manayamashita.github.io/experiment-1/M1_1_image/right_chair225.png
5,894.2,1,0,f,f,re_right_chair0,https://manayamashita.github.io/experiment-1/M1_1_image/re_right_chair0.png
5,644.2,1,315,j,j,right_chair315,https://manayamashita.github.io/experiment-1/M1_1_image/right_chair315.png
5,715.3,1,90,j,j,left_chair90,https://manayamashita.github.io/experiment-1/M1_1_image/left_chair90.png
5,761.7,1,225,j,j,left_chair225,https://manayamashita.github.io/experiment-1/M1_1_image/left_chair225.png
5,770.6,1,45,f,f,re_left_chair45,https://manayamashita.github.io/experiment-1/M1_1_image/re_left_chair45.png
5,553.2,1,0,j,j,right_chair0,https://manayamashita.github.io/experiment-1/M1_1_image/right_chair0.png
5,662,1,315,f,f,re_left_chair315,https://manayamashita.github.io/experiment-1/M1_1_image/re_left_chair315.png
5,1431.8,0,180,j,f,re_right_chair180,https://manayamashita.github.io/experiment-1/M1_1_image/re_right_chair180.png
5,844.3,1,270,f,f,re_right_chair270,https://manayamashita.github.io/experiment-1/M1_1_image/re_right_chair270.png
5,1738.5,1,225,f,f,re_right_chair225,https://manayamashita.github.io/experiment-1/M1_1_image/re_right_chair225.png
5,733,1,45,j,j,right_chair45,https://manayamashita.github.io/experiment-1/M1_1_image/right_chair45.png
5,769.7,1,270,j,j,right_chair270,https://manayamashita.github.io/experiment-1/M1_1_image/right_chair270.png
5,1541.1,0,180,j,f,re_left_chair180,https://manayamashita.github.io/experiment-1/M1_1_image/re_left_chair180.png
5,8991.8,1,135,f,f,re_left_chair135,https://manayamashita.github.io/experiment-1/M1_1_image/re_left_chair135.png
5,781.2,1,0,j,j,left_chair0,https://manayamashita.github.io/experiment-1/M1_1_image/left_chair0.png
5,932.3,1,135,j,j,left_chair135,https://manayamashita.github.io/experiment-1/M1_1_image/left_chair135.png
5,2028.7,1,270,f,f,re_right_chair270,https://manayamashita.github.io/experiment-1/M1_1_image/re_right_chair270.png
5,1256.4,1,135,j,j,right_chair135,https://manayamashita.github.io/experiment-1/M1_1_image/right_chair135.png
5,822.9,1,90,f,f,re_left_chair90,https://manayamashita.github.io/experiment-1/M1_1_image/re_left_chair90.png
5,1450.6,1,270,j,j,left_chair270,https://manayamashita.github.io/experiment-1/M1_1_image/left_chair270.png
5,796.4,1,45,j,j,left_chair45,https://manayamashita.github.io/experiment-1/M1_1_image/left_chair45.png
5,1428.5,1,180,j,j,left_chair180,https://manayamashita.github.io/experiment-1/M1_1_image/left_chair180.png
5,947,1,45,j,j,right_chair45,https://manayamashita.github.io/experiment-1/M1_1_image/right_chair45.png
5,709.1,1,0,j,j,right_chair0,https://manayamashita.github.io/experiment-1/M1_1_image/right_chair0.png
5,786.4,1,0,f,f,re_left_chair0,https://manayamashita.github.io/experiment-1/M1_1_image/re_left_chair0.png
5,1464.9,1,90,j,j,right_chair90,https://manayamashita.github.io/experiment-1/M1_1_image/right_chair90.png
5,744.4,1,45,f,f,re_right_chair45,https://manayamashita.github.io/experiment-1/M1_1_image/re_right_chair45.png
5,2576.4,1,225,f,f,re_right_chair225,https://manayamashita.github.io/experiment-1/M1_1_image/re_right_chair225.png
5,1579.7,1,270,j,j,right_chair270,https://manayamashita.github.io/experiment-1/M1_1_image/right_chair270.png
5,809.2,1,225,j,j,right_chair225,https://manayamashita.github.io/experiment-1/M1_1_image/right_chair225.png
5,2119.3,1,135,f,f,re_right_chair135,https://manayamashita.github.io/experiment-1/M1_1_image/re_right_chair135.png
5,2267.4,1,180,f,f,re_left_chair180,https://manayamashita.github.io/experiment-1/M1_1_image/re_left_chair180.png
5,1634.9,1,270,f,f,re_left_chair270,https://manayamashita.github.io/experiment-1/M1_1_image/re_left_chair270.png
5,896.8,1,315,f,f,re_left_chair315,https://manayamashita.github.io/experiment-1/M1_1_image/re_left_chair315.png
5,851.7,1,45,f,f,re_left_chair45,https://manayamashita.github.io/experiment-1/M1_1_image/re_left_chair45.png
5,959.5,1,315,j,j,right_chair315,https://manayamashita.github.io/experiment-1/M1_1_image/right_chair315.png
5,890.6,1,225,j,j,left_chair225,https://manayamashita.github.io/experiment-1/M1_1_image/left_chair225.png
5,1182.5,1,180,j,j,right_chair180,https://manayamashita.github.io/experiment-1/M1_1_image/right_chair180.png
5,1481.6,1,0,f,f,re_right_chair0,https://manayamashita.github.io/experiment-1/M1_1_image/re_right_chair0.png
5,1069.5,1,90,j,j,left_chair90,https://manayamashita.github.io/experiment-1/M1_1_image/left_chair90.png
5,761.9,1,315,j,j,left_chair315,https://manayamashita.github.io/experiment-1/M1_1_image/left_chair315.png
5,1097.3,1,225,f,f,re_left_chair225,https://manayamashita.github.io/experiment-1/M1_1_image/re_left_chair225.png
5,1222.6,1,315,f,f,re_right_chair315,https://manayamashita.github.io/experiment-1/M1_1_image/re_right_chair315.png
5,2650.8,1,180,f,f,re_right_chair180,https://manayamashita.github.io/experiment-1/M1_1_image/re_right_chair180.png
5,1314,1,90,f,f,re_right_chair90,https://manayamashita.github.io/experiment-1/M1_1_image/re_right_chair90.png
,,,,,,,
6,798.8,1,0,f,f,re_right_chair0,https://manayamashita.github.io/experiment-1/M1_1_image/re_right_chair0.png
6,506.6,1,0,f,f,re_left_chair0,https://manayamashita.github.io/experiment-1/M1_1_image/re_left_chair0.png
6,750,1,225,j,j,right_chair225,https://manayamashita.github.io/experiment-1/M1_1_image/right_chair225.png
6,533,1,90,f,f,re_left_chair90,https://manayamashita.github.io/experiment-1/M1_1_image/re_left_chair90.png
6,550.3,1,270,j,j,left_chair270,https://manayamashita.github.io/experiment-1/M1_1_image/left_chair270.png
6,713.4,1,180,j,j,left_chair180,https://manayamashita.github.io/experiment-1/M1_1_image/left_chair180.png
6,562.3,1,225,f,f,re_left_chair225,https://manayamashita.github.io/experiment-1/M1_1_image/re_left_chair225.png
6,840.3,1,90,f,f,re_right_chair90,https://manayamashita.github.io/experiment-1/M1_1_image/re_right_chair90.png
6,437.2,1,0,j,j,right_chair0,https://manayamashita.github.io/experiment-1/M1_1_image/right_chair0.png
6,658.9,1,90,j,j,left_chair90,https://manayamashita.github.io/experiment-1/M1_1_image/left_chair90.png
6,435.5,1,135,j,j,left_chair135,https://manayamashita.github.io/experiment-1/M1_1_image/left_chair135.png
6,549.8,1,180,f,f,re_right_chair180,https://manayamashita.github.io/experiment-1/M1_1_image/re_right_chair180.png
6,739.6,1,135,f,f,re_right_chair135,https://manayamashita.github.io/experiment-1/M1_1_image/re_right_chair135.png
6,610.7,1,135,j,j,right_chair135,https://manayamashita.github.io/experiment-1/M1_1_image/right_chair135.png
6,696.8,1,90,j,j,right_chair90,https://manayamashita.github.io/experiment-1/M1_1_image/right_chair90.png
6,426.5,1,45,j,j,left_chair45,https://manayamashita.github.io/experiment-1/M1_1_image/left_chair45.png
6,601.4,1,180,f,f,re_left_chair180,https://manayamashita.github.io/experiment-1/M1_1_image/re_left_chair180.png
6,568.7,1,0,j,j,left_chair0,https://manayamashita.github.io/experiment-1/M1_1_image/left_chair0.png
6,452.9,1,315,f,f,re_left_chair315,https://manayamashita.github.io/experiment-1/M1_1_image/re_left_chair315.png
6,479.4,1,270,f,f,re_right_chair270,https://manayamashita.github.io/experiment-1/M1_1_image/re_right_chair270.png
6,383.9,1,315,j,j,left_chair315,https://manayamashita.github.io/experiment-1/M1_1_image/left_chair315.png
6,406.9,1,135,f,f,re_left_chair135,https://manayamashita.github.io/experiment-1/M1_1_image/re_left_chair135.png
6,471.2,1,180,j,j,right_chair180,https://manayamashita.github.io/experiment-1/M1_1_image/right_chair180.png
6,495.7,1,270,f,f,re_left_chair270,https://manayamashita.github.io/experiment-1/M1_1_image/re_left_chair270.png
6,487.2,0,270,f,j,right_chair270,https://manayamashita.github.io/experiment-1/M1_1_image/right_chair270.png
6,497.5,1,315,f,f,re_right_chair315,https://manayamashita.github.io/experiment-1/M1_1_image/re_right_chair315.png
6,502.4,1,45,f,f,re_left_chair45,https://manayamashita.github.io/experiment-1/M1_1_image/re_left_chair45.png
6,475.2,1,45,f,f,re_right_chair45,https://manayamashita.github.io/experiment-1/M1_1_image/re_right_chair45.png
6,454.8,0,225,j,f,re_right_chair225,https://manayamashita.github.io/experiment-1/M1_1_image/re_right_chair225.png
6,469.9,1,45,j,j,right_chair45,https://manayamashita.github.io/experiment-1/M1_1_image/right_chair45.png
6,528.2,1,315,j,j,right_chair315,https://manayamashita.github.io/experiment-1/M1_1_image/right_chair315.png
6,434.6,0,225,f,j,left_chair225,https://manayamashita.github.io/experiment-1/M1_1_image/left_chair225.png
6,488.2,1,0,f,f,re_right_chair0,https://manayamashita.github.io/experiment-1/M1_1_image/re_right_chair0.png
6,507.5,1,225,f,f,re_right_chair225,https://manayamashita.github.io/experiment-1/M1_1_image/re_right_chair225.png
6,621.4,1,90,f,f,re_left_chair90,https://manayamashita.github.io/experiment-1/M1_1_image/re_left_chair90.png
6,502.8,1,45,j,j,left_chair45,https://manayamashita.github.io/experiment-1/M1_1_image/left_chair45.png
6,454.4,0,315,f,j,left_chair315,https://manayamashita.github.io/experiment-1/M1_1_image/left_chair315.png
6,552.6,1,270,j,j,right_chair270,https://manayamashita.github.io/experiment-1/M1_1_image/right_chair270.png
6,477.7,1,0,f,f,re_left_chair0,https://manayamashita.github.io/experiment-1/M1_1_image/re_left_chair0.png
6,439.9,1,90,j,j,left_chair90,https://manayamashita.github.io/experiment-1/M1_1_image/left_chair90.png
6,480.7,1,45,f,f,re_left_chair45,https://manayamashita.github.io/experiment-1/M1_1_image/re_left_chair45.png
6,466.2,1,90,j,j,right_chair90,https://manayamashita.github.io/experiment-1/M1_1_image/right_chair90.png
6,493.2,1,315,f,f,re_right_chair315,https://manayamashita.github.io/experiment-1/M1_1_image/re_right_chair315.png
6,526.9,0,225,f,j,right_chair225,https://manayamashita.github.io/experiment-1/M1_1_image/right_chair225.png
6,1075.4,1,180,f,f,re_right_chair180,https://manayamashita.github.io/experiment-1/M1_1_image/re_right_chair180.png
6,661.8,1,225,f,f,re_left_chair225,https://manayamashita.github.io/experiment-1/M1_1_image/re_left_chair225.png
6,551,1,270,f,f,re_left_chair270,https://manayamashita.github.io/experiment-1/M1_1_image/re_left_chair270.png
6,507.5,1,270,f,f,re_right_chair270,https://manayamashita.github.io/experiment-1/M1_1_image/re_right_chair270.png
6,457.7,1,0,j,j,right_chair0,https://manayamashita.github.io/experiment-1/M1_1_image/right_chair0.png
6,717.7,1,180,j,j,left_chair180,https://manayamashita.github.io/experiment-1/M1_1_image/left_chair180.png
6,411.8,1,0,j,j,left_chair0,https://manayamashita.github.io/experiment-1/M1_1_image/left_chair0.png
6,526.7,1,135,j,j,right_chair135,https://manayamashita.github.io/experiment-1/M1_1_image/right_chair135.png
6,527.3,1,135,f,f,re_right_chair135,https://manayamashita.github.io/experiment-1/M1_1_image/re_right_chair135.png
6,449.4,1,315,j,j,right_chair315,https://manayamashita.github.io/experiment-1/M1_1_image/right_chair315.png
6,416.8,1,45,f,f,re_right_chair45,https://manayamashita.github.io/experiment-1/M1_1_image/re_right_chair45.png
6,439,1,45,j,j,right_chair45,https://manayamashita.github.io/experiment-1/M1_1_image/right_chair45.png
6,472.4,1,315,f,f,re_left_chair315,https://manayamashita.github.io/experiment-1/M1_1_image/re_left_chair315.png
6,552.1,1,135,f,f,re_left_chair135,https://manayamashita.github.io/experiment-1/M1_1_image/re_left_chair135.png
6,499.3,1,135,j,j,left_chair135,https://manayamashita.github.io/experiment-1/M1_1_image/left_chair135.png
6,735.2,1,180,f,f,re_left_chair180,https://manayamashita.github.io/experiment-1/M1_1_image/re_left_chair180.png
6,536.2,1,90,f,f,re_right_chair90,https://manayamashita.github.io/experiment-1/M1_1_image/re_right_chair90.png
6,489.6,0,225,f,j,left_chair225,https://manayamashita.github.io/experiment-1/M1_1_image/left_chair225.png
6,1141.1,1,180,j,j,right_chair180,https://manayamashita.github.io/experiment-1/M1_1_image/right_chair180.png
6,460.4,1,270,j,j,left_chair270,https://manayamashita.github.io/experiment-1/M1_1_image/left_chair270.png
,,,,,,,
7,1142.4,0,270,j,f,re_left_chair270,https://manayamashita.github.io/experiment-1/M1_1_image/re_left_chair270.png
7,718.3,1,0,j,j,left_chair0,https://manayamashita.github.io/experiment-1/M1_1_image/left_chair0.png
7,1043.6,1,180,j,j,left_chair180,https://manayamashita.github.io/experiment-1/M1_1_image/left_chair180.png
7,781.1,1,315,j,j,right_chair315,https://manayamashita.github.io/experiment-1/M1_1_image/right_chair315.png
7,796.8,0,270,j,f,re_right_chair270,https://manayamashita.github.io/experiment-1/M1_1_image/re_right_chair270.png
7,2552.9,1,315,f,f,re_left_chair315,https://manayamashita.github.io/experiment-1/M1_1_image/re_left_chair315.png
7,973.5,1,45,j,j,right_chair45,https://manayamashita.github.io/experiment-1/M1_1_image/right_chair45.png
7,811.7,1,0,f,f,re_right_chair0,https://manayamashita.github.io/experiment-1/M1_1_image/re_right_chair0.png
7,5065.1,1,180,f,f,re_right_chair180,https://manayamashita.github.io/experiment-1/M1_1_image/re_right_chair180.png
7,753.2,1,45,f,f,re_left_chair45,https://manayamashita.github.io/experiment-1/M1_1_image/re_left_chair45.png
7,958.1,1,225,j,j,left_chair225,https://manayamashita.github.io/experiment-1/M1_1_image/left_chair225.png
7,902.7,0,225,j,f,re_left_chair225,https://manayamashita.github.io/experiment-1/M1_1_image/re_left_chair225.png
7,1504.4,1,135,f,f,re_left_chair135,https://manayamashita.github.io/experiment-1/M1_1_image/re_left_chair135.png
7,965.4,1,90,j,j,right_chair90,https://manayamashita.github.io/experiment-1/M1_1_image/right_chair90.png
7,700.5,1,135,j,j,right_chair135,https://manayamashita.github.io/experiment-1/M1_1_image/right_chair135.png
7,1005.2,0,180,j,f,re_left_chair180,https://manayamashita.github.io/experiment-1/M1_1_image/re_left_chair180.png
7,916,1,135,j,j,left_chair135,https://manayamashita.github.io/experiment-1/M1_1_image/left_chair135.png
7,750.1,1,90,j,j,left_chair90,https://manayamashita.github.io/experiment-1/M1_1_image/left_chair90.png
7,1385,0,225,j,f,re_right_chair225,https://manayamashita.github.io/experiment-1/M1_1_image/re_right_chair225.png
7,690.9,1,45,j,j,left_chair45,https://manayamashita.github.io/experiment-1/M1_1_image/left_chair45.png
7,743.4,0,135,j,f,re_right_chair135,https://manayamashita.github.io/experiment-1/M1_1_image/re_right_chair135.png
7,918.4,1,45,f,f,re_right_chair45,https://manayamashita.github.io/experiment-1/M1_1_image/re_right_chair45.png
7,1057.8,1,90,f,f,re_left_chair90,https://manayamashita.github.io/experiment-1/M1_1_image/re_left_chair90.png
7,800.6,1,315,f,f,re_right_chair315,https://manayamashita.github.io/experiment-1/M1_1_image/re_right_chair315.png
7,846.6,1,225,j,j,right_chair225,https://manayamashita.github.io/experiment-1/M1_1_image/right_chair225.png
7,873.8,1,270,j,j,right_chair270,https://manayamashita.github.io/experiment-1/M1_1_image/right_chair270.png
7,824.2,1,0,f,f,re_left_chair0,https://manayamashita.github.io/experiment-1/M1_1_image/re_left_chair0.png
7,819.9,1,315,j,j,left_chair315,https://manayamashita.github.io/experiment-1/M1_1_image/left_chair315.png
7,855.2,1,90,f,f,re_right_chair90,https://manayamashita.github.io/experiment-1/M1_1_image/re_right_chair90.png
7,745.1,1,270,j,j,left_chair270,https://manayamashita.github.io/experiment-1/M1_1_image/left_chair270.png
7,663,1,0,j,j,right_chair0,https://manayamashita.github.io/experiment-1/M1_1_image/right_chair0.png
7,688,0,180,f,j,right_chair180,https://manayamashita.github.io/experiment-1/M1_1_image/right_chair180.png
7,778.2,1,315,j,j,left_chair315,https://manayamashita.github.io/experiment-1/M1_1_image/left_chair315.png
7,727.2,1,270,j,j,left_chair270,https://manayamashita.github.io/experiment-1/M1_1_image/left_chair270.png
7,611.5,1,0,j,j,left_chair0,https://manayamashita.github.io/experiment-1/M1_1_image/left_chair0.png
7,582.7,1,270,f,f,re_right_chair270,https://manayamashita.github.io/experiment-1/M1_1_image/re_right_chair270.png
7,674.5,0,135,f,j,left_chair135,https://manayamashita.github.io/experiment-1/M1_1_image/left_chair135.png
7,1307.2,0,135,j,f,re_right_chair135,https://manayamashita.github.io/experiment-1/M1_1_image/re_right_chair135.png
7,777.1,1,270,j,j,right_chair270,https://manayamashita.github.io/experiment-1/M1_1_image/right_chair270.png
7,1637.1,0,225,f,j,left_chair225,https://manayamashita.github.io/experiment-1/M1_1_image/left_chair225.png
7,907.4,1,45,f,f,re_left_chair45,https://manayamashita.github.io/experiment-1/M1_1_image/re_left_chair45.png
7,837.3,1,90,j,j,left_chair90,https://manayamashita.github.io/experiment-1/M1_1_image/left_chair90.png
7,709.2,1,90,f,f,re_left_chair90,https://manayamashita.github.io/experiment-1/M1_1_image/re_left_chair90.png
7,857.8,1,135,f,f,re_left_chair135,https://manayamashita.github.io/experiment-1/M1_1_image/re_left_chair135.png
7,609.2,1,315,j,j,right_chair315,https://manayamashita.github.io/experiment-1/M1_1_image/right_chair315.png
7,672.6,1,90,f,f,re_right_chair90,https://manayamashita.github.io/experiment-1/M1_1_image/re_right_chair90.png
7,590.2,1,135,j,j,right_chair135,https://manayamashita.github.io/experiment-1/M1_1_image/right_chair135.png
7,2982.8,1,225,j,j,right_chair225,https://manayamashita.github.io/experiment-1/M1_1_image/right_chair225.png
7,725.3,0,315,j,f,re_right_chair315,https://manayamashita.github.io/experiment-1/M1_1_image/re_right_chair315.png
7,2026.9,1,180,f,f,re_left_chair180,https://manayamashita.github.io/experiment-1/M1_1_image/re_left_chair180.png
7,1677.4,0,180,f,j,left_chair180,https://manayamashita.github.io/experiment-1/M1_1_image/left_chair180.png
7,4346.7,1,225,f,f,re_left_chair225,https://manayamashita.github.io/experiment-1/M1_1_image/re_left_chair225.png
7,777.4,1,45,f,f,re_right_chair45,https://manayamashita.github.io/experiment-1/M1_1_image/re_right_chair45.png
7,734.5,1,315,f,f,re_left_chair315,https://manayamashita.github.io/experiment-1/M1_1_image/re_left_chair315.png
7,622.6,1,0,f,f,re_left_chair0,https://manayamashita.github.io/experiment-1/M1_1_image/re_left_chair0.png
7,1877.5,1,180,f,f,re_right_chair180,https://manayamashita.github.io/experiment-1/M1_1_image/re_right_chair180.png
7,867.9,1,225,f,f,re_right_chair225,https://manayamashita.github.io/experiment-1/M1_1_image/re_right_chair225.png
7,622.8,1,45,j,j,left_chair45,https://manayamashita.github.io/experiment-1/M1_1_image/left_chair45.png
7,937,1,270,f,f,re_left_chair270,https://manayamashita.github.io/experiment-1/M1_1_image/re_left_chair270.png
7,641.9,1,0,f,f,re_right_chair0,https://manayamashita.github.io/experiment-1/M1_1_image/re_right_chair0.png
7,706.3,1,45,j,j,right_chair45,https://manayamashita.github.io/experiment-1/M1_1_image/right_chair45.png
7,562.9,1,0,j,j,right_chair0,https://manayamashita.github.io/experiment-1/M1_1_image/right_chair0.png
7,993.3,1,180,j,j,right_chair180,https://manayamashita.github.io/experiment-1/M1_1_image/right_chair180.png
7,564,1,90,j,j,right_chair90,https://manayamashita.github.io/experiment-1/M1_1_image/right_chair90.png
,,,,,,,
8,1926,1,90,f,f,re_right_chair90,https://manayamashita.github.io/experiment-1/M1_1_image/re_right_chair90.png
8,1661.1,1,90,j,j,left_chair90,https://manayamashita.github.io/experiment-1/M1_1_image/left_chair90.png
8,965.2,1,45,f,f,re_right_chair45,https://manayamashita.github.io/experiment-1/M1_1_image/re_right_chair45.png
8,1775.6,1,270,f,f,re_left_chair270,https://manayamashita.github.io/experiment-1/M1_1_image/re_left_chair270.png
8,1289.099999,1,45,j,j,right_chair45,https://manayamashita.github.io/experiment-1/M1_1_image/right_chair45.png
8,1073.599999,1,315,j,j,left_chair315,https://manayamashita.github.io/experiment-1/M1_1_image/left_chair315.png
8,1547,1,225,f,f,re_left_chair225,https://manayamashita.github.io/experiment-1/M1_1_image/re_left_chair225.png
8,1092.5,1,90,f,f,re_left_chair90,https://manayamashita.github.io/experiment-1/M1_1_image/re_left_chair90.png
8,932.8,1,135,f,f,re_left_chair135,https://manayamashita.github.io/experiment-1/M1_1_image/re_left_chair135.png
8,916.5,1,0,j,j,right_chair0,https://manayamashita.github.io/experiment-1/M1_1_image/right_chair0.png
8,927.4,1,0,f,f,re_left_chair0,https://manayamashita.github.io/experiment-1/M1_1_image/re_left_chair0.png
8,1026.5,0,0,f,j,left_chair0,https://manayamashita.github.io/experiment-1/M1_1_image/left_chair0.png
8,1632.099999,1,0,f,f,re_right_chair0,https://manayamashita.github.io/experiment-1/M1_1_image/re_right_chair0.png
8,2577.8,1,135,f,f,re_right_chair135,https://manayamashita.github.io/experiment-1/M1_1_image/re_right_chair135.png
8,2106.5,1,270,j,j,left_chair270,https://manayamashita.github.io/experiment-1/M1_1_image/left_chair270.png
8,1611.9,1,225,j,j,left_chair225,https://manayamashita.github.io/experiment-1/M1_1_image/left_chair225.png
8,1035.5,1,315,j,j,right_chair315,https://manayamashita.github.io/experiment-1/M1_1_image/right_chair315.png
8,1631.5,1,45,j,j,left_chair45,https://manayamashita.github.io/experiment-1/M1_1_image/left_chair45.png
8,972.5,1,225,j,j,right_chair225,https://manayamashita.github.io/experiment-1/M1_1_image/right_chair225.png
8,1091,1,135,j,j,left_chair135,https://manayamashita.github.io/experiment-1/M1_1_image/left_chair135.png
8,877.400001,1,135,j,j,right_chair135,https://manayamashita.github.io/experiment-1/M1_1_image/right_chair135.png
8,993.7,1,270,f,f,re_right_chair270,https://manayamashita.github.io/experiment-1/M1_1_image/re_right_chair270.png
8,856.7,1,45,f,f,re_left_chair45,https://manayamashita.github.io/experiment-1/M1_1_image/re_left_chair45.png
8,1139.3,1,315,f,f,re_right_chair315,https://manayamashita.github.io/experiment-1/M1_1_image/re_right_chair315.png
8,2281.4,1,180,f,f,re_right_chair180,https://manayamashita.github.io/experiment-1/M1_1_image/re_right_chair180.png
8,2130.8,1,180,j,j,right_chair180,https://manayamashita.github.io/experiment-1/M1_1_image/right_chair180.png
8,917.8,1,90,j,j,right_chair90,https://manayamashita.github.io/experiment-1/M1_1_image/right_chair90.png
8,1377.8,1,180,j,j,left_chair180,https://manayamashita.github.io/experiment-1/M1_1_image/left_chair180.png
8,1280.7,1,225,f,f,re_right_chair225,https://manayamashita.github.io/experiment-1/M1_1_image/re_right_chair225.png
8,3964.299999,1,270,j,j,right_chair270,https://manayamashita.github.io/experiment-1/M1_1_image/right_chair270.png
8,1122.9,1,315,f,f,re_left_chair315,https://manayamashita.github.io/experiment-1/M1_1_image/re_left_chair315.png
8,3932.2,0,180,j,f,re_left_chair180,https://manayamashita.github.io/experiment-1/M1_1_image/re_left_chair180.png
8,1528.4,0,90,f,j,left_chair90,https://manayamashita.github.io/experiment-1/M1_1_image/left_chair90.png
8,1872,1,225,j,j,left_chair225,https://manayamashita.github.io/experiment-1/M1_1_image/left_chair225.png
8,639.8,1,0,j,j,left_chair0,https://manayamashita.github.io/experiment-1/M1_1_image/left_chair0.png
8,1085.7,1,135,j,j,left_chair135,https://manayamashita.github.io/experiment-1/M1_1_image/left_chair135.png
8,899,1,225,j,j,right_chair225,https://manayamashita.github.io/experiment-1/M1_1_image/right_chair225.png
8,807.4,1,315,f,f,re_left_chair315,https://manayamashita.github.io/experiment-1/M1_1_image/re_left_chair315.png
8,625.7,1,135,f,f,re_right_chair135,https://manayamashita.github.io/experiment-1/M1_1_image/re_right_chair135.png
8,2231.599999,1,225,f,f,re_right_chair225,https://manayamashita.github.io/experiment-1/M1_1_image/re_right_chair225.png
8,1024.5,1,270,j,j,right_chair270,https://manayamashita.github.io/experiment-1/M1_1_image/right_chair270.png
8,1121,1,90,f,f,re_right_chair90,https://manayamashita.github.io/experiment-1/M1_1_image/re_right_chair90.png
8,1208.4,1,135,j,j,right_chair135,https://manayamashita.github.io/experiment-1/M1_1_image/right_chair135.png
8,3499,1,225,f,f,re_left_chair225,https://manayamashita.github.io/experiment-1/M1_1_image/re_left_chair225.png
8,950.099999,1,180,j,j,right_chair180,https://manayamashita.github.io/experiment-1/M1_1_image/right_chair180.png
8,1065.5,1,270,f,f,re_right_chair270,https://manayamashita.github.io/experiment-1/M1_1_image/re_right_chair270.png
8,5362.5,1,45,f,f,re_left_chair45,https://manayamashita.github.io/experiment-1/M1_1_image/re_left_chair45.png
8,896.700001,1,315,j,j,left_chair315,https://manayamashita.github.io/experiment-1/M1_1_image/left_chair315.png
8,1181.1,1,315,j,j,right_chair315,https://manayamashita.github.io/experiment-1/M1_1_image/right_chair315.png
8,768.9,1,45,j,j,left_chair45,https://manayamashita.github.io/experiment-1/M1_1_image/left_chair45.png
8,532,1,0,f,f,re_right_chair0,https://manayamashita.github.io/experiment-1/M1_1_image/re_right_chair0.png
8,764.9,1,90,j,j,right_chair90,https://manayamashita.github.io/experiment-1/M1_1_image/right_chair90.png
8,1094.4,1,270,j,j,left_chair270,https://manayamashita.github.io/experiment-1/M1_1_image/left_chair270.png
8,1625.7,1,180,j,j,left_chair180,https://manayamashita.github.io/experiment-1/M1_1_image/left_chair180.png
8,917.1,1,90,f,f,re_left_chair90,https://manayamashita.github.io/experiment-1/M1_1_image/re_left_chair90.png
8,1988.7,1,180,f,f,re_left_chair180,https://manayamashita.github.io/experiment-1/M1_1_image/re_left_chair180.png
8,1743.599999,1,180,f,f,re_right_chair180,https://manayamashita.github.io/experiment-1/M1_1_image/re_right_chair180.png
8,752.9,1,0,f,f,re_left_chair0,https://manayamashita.github.io/experiment-1/M1_1_image/re_left_chair0.png
8,965.9,1,45,j,j,right_chair45,https://manayamashita.github.io/experiment-1/M1_1_image/right_chair45.png
8,685.2,1,135,f,f,re_left_chair135,https://manayamashita.github.io/experiment-1/M1_1_image/re_left_chair135.png
8,2328.2,1,270,f,f,re_left_chair270,https://manayamashita.github.io/experiment-1/M1_1_image/re_left_chair270.png
8,652.9,1,0,j,j,right_chair0,https://manayamashita.github.io/experiment-1/M1_1_image/right_chair0.png
8,1456.6,1,45,f,f,re_right_chair45,https://manayamashita.github.io/experiment-1/M1_1_image/re_right_chair45.png
8,873.299999,1,315,f,f,re_right_chair315,https://manayamashita.github.io/experiment-1/M1_1_image/re_right_chair315.png
,,,,,,,
9,1244.9,1,180,j,j,left_chair180,https://manayamashita.github.io/experiment-1/M1_1_image/left_chair180.png
9,908.9,1,315,f,f,re_right_chair315,https://manayamashita.github.io/experiment-1/M1_1_image/re_right_chair315.png
9,941.5,1,90,f,f,re_right_chair90,https://manayamashita.github.io/experiment-1/M1_1_image/re_right_chair90.png
9,987.3,1,270,f,f,re_left_chair270,https://manayamashita.github.io/experiment-1/M1_1_image/re_left_chair270.png
9,892.4,1,180,f,f,re_left_chair180,https://manayamashita.github.io/experiment-1/M1_1_image/re_left_chair180.png
9,619.5,1,315,j,j,left_chair315,https://manayamashita.github.io/experiment-1/M1_1_image/left_chair315.png
9,749.1,1,315,f,f,re_left_chair315,https://manayamashita.github.io/experiment-1/M1_1_image/re_left_chair315.png
9,763.3,1,45,f,f,re_left_chair45,https://manayamashita.github.io/experiment-1/M1_1_image/re_left_chair45.png
9,803.9,1,90,f,f,re_left_chair90,https://manayamashita.github.io/experiment-1/M1_1_image/re_left_chair90.png
9,854.1,1,135,f,f,re_left_chair135,https://manayamashita.github.io/experiment-1/M1_1_image/re_left_chair135.png
9,689.2,1,270,j,j,left_chair270,https://manayamashita.github.io/experiment-1/M1_1_image/left_chair270.png
9,784.6,1,135,j,j,left_chair135,https://manayamashita.github.io/experiment-1/M1_1_image/left_chair135.png
9,606.2,1,315,j,j,right_chair315,https://manayamashita.github.io/experiment-1/M1_1_image/right_chair315.png
9,909.4,1,135,j,j,right_chair135,https://manayamashita.github.io/experiment-1/M1_1_image/right_chair135.png
9,706.7,1,180,f,f,re_right_chair180,https://manayamashita.github.io/experiment-1/M1_1_image/re_right_chair180.png
9,597.9,1,90,j,j,left_chair90,https://manayamashita.github.io/experiment-1/M1_1_image/left_chair90.png
9,796.7,1,225,f,f,re_left_chair225,https://manayamashita.github.io/experiment-1/M1_1_image/re_left_chair225.png
9,798.5,1,270,f,f,re_right_chair270,https://manayamashita.github.io/experiment-1/M1_1_image/re_right_chair270.png
9,839.3,1,180,j,j,right_chair180,https://manayamashita.github.io/experiment-1/M1_1_image/right_chair180.png
9,715.6,1,0,f,f,re_right_chair0,https://manayamashita.github.io/experiment-1/M1_1_image/re_right_chair0.png
9,838.2,1,135,f,f,re_right_chair135,https://manayamashita.github.io/experiment-1/M1_1_image/re_right_chair135.png
9,721.7,1,0,f,f,re_left_chair0,https://manayamashita.github.io/experiment-1/M1_1_image/re_left_chair0.png
9,557.8,1,0,j,j,left_chair0,https://manayamashita.github.io/experiment-1/M1_1_image/left_chair0.png
9,624.2,1,45,j,j,right_chair45,https://manayamashita.github.io/experiment-1/M1_1_image/right_chair45.png
9,885.8,1,225,j,j,right_chair225,https://manayamashita.github.io/experiment-1/M1_1_image/right_chair225.png
9,784.8,1,225,j,j,left_chair225,https://manayamashita.github.io/experiment-1/M1_1_image/left_chair225.png
9,662.4,1,0,j,j,right_chair0,https://manayamashita.github.io/experiment-1/M1_1_image/right_chair0.png
9,622.1,1,90,j,j,right_chair90,https://manayamashita.github.io/experiment-1/M1_1_image/right_chair90.png
9,755.8,1,45,f,f,re_right_chair45,https://manayamashita.github.io/experiment-1/M1_1_image/re_right_chair45.png
9,559.9,1,270,j,j,right_chair270,https://manayamashita.github.io/experiment-1/M1_1_image/right_chair270.png
9,606.2,1,45,j,j,left_chair45,https://manayamashita.github.io/experiment-1/M1_1_image/left_chair45.png
9,932.2,1,225,f,f,re_right_chair225,https://manayamashita.github.io/experiment-1/M1_1_image/re_right_chair225.png
9,557.4,1,270,j,j,left_chair270,https://manayamashita.github.io/experiment-1/M1_1_image/left_chair270.png
9,980.3,1,135,f,f,re_left_chair135,https://manayamashita.github.io/experiment-1/M1_1_image/re_left_chair135.png
9,1315.1,1,225,f,f,re_left_chair225,https://manayamashita.github.io/experiment-1/M1_1_image/re_left_chair225.png
9,763.4,1,270,f,f,re_right_chair270,https://manayamashita.github.io/experiment-1/M1_1_image/re_right_chair270.png
9,890.3,1,225,j,j,left_chair225,https://manayamashita.github.io/experiment-1/M1_1_image/left_chair225.png
9,1088,1,90,j,j,right_chair90,https://manayamashita.github.io/experiment-1/M1_1_image/right_chair90.png
9,635.1,1,45,f,f,re_right_chair45,https://manayamashita.github.io/experiment-1/M1_1_image/re_right_chair45.png
9,628.6,1,0,j,j,left_chair0,https://manayamashita.github.io/experiment-1/M1_1_image/left_chair0.png
9,668.3,1,315,f,f,re_right_chair315,https://manayamashita.github.io/experiment-1/M1_1_image/re_right_chair315.png
9,687.5,1,0,f,f,re_left_chair0,https://manayamashita.github.io/experiment-1/M1_1_image/re_left_chair0.png
9,1019.4,1,180,j,j,left_chair180,https://manayamashita.github.io/experiment-1/M1_1_image/left_chair180.png
9,1203.7,1,315,f,f,re_left_chair315,https://manayamashita.github.io/experiment-1/M1_1_image/re_left_chair315.png
9,1286.6,1,225,j,j,right_chair225,https://manayamashita.github.io/experiment-1/M1_1_image/right_chair225.png
9,729,1,270,j,j,right_chair270,https://manayamashita.github.io/experiment-1/M1_1_image/right_chair270.png
9,1528,1,180,f,f,re_left_chair180,https://manayamashita.github.io/experiment-1/M1_1_image/re_left_chair180.png
9,1016.1,1,135,j,j,left_chair135,https://manayamashita.github.io/experiment-1/M1_1_image/left_chair135.png
9,917.7,1,90,f,f,re_right_chair90,https://manayamashita.github.io/experiment-1/M1_1_image/re_right_chair90.png
9,855.3,1,90,f,f,re_left_chair90,https://manayamashita.github.io/experiment-1/M1_1_image/re_left_chair90.png
9,563.5,1,45,j,j,left_chair45,https://manayamashita.github.io/experiment-1/M1_1_image/left_chair45.png
9,631,1,0,f,f,re_right_chair0,https://manayamashita.github.io/experiment-1/M1_1_image/re_right_chair0.png
9,633.8,1,315,j,j,right_chair315,https://manayamashita.github.io/experiment-1/M1_1_image/right_chair315.png
9,777.6,1,225,f,f,re_right_chair225,https://manayamashita.github.io/experiment-1/M1_1_image/re_right_chair225.png
9,576.1,1,45,j,j,right_chair45,https://manayamashita.github.io/experiment-1/M1_1_image/right_chair45.png
9,742,1,315,j,j,left_chair315,https://manayamashita.github.io/experiment-1/M1_1_image/left_chair315.png
9,960.9,1,135,f,f,re_right_chair135,https://manayamashita.github.io/experiment-1/M1_1_image/re_right_chair135.png
9,686.6,1,135,j,j,right_chair135,https://manayamashita.github.io/experiment-1/M1_1_image/right_chair135.png
9,640.3,1,45,f,f,re_left_chair45,https://manayamashita.github.io/experiment-1/M1_1_image/re_left_chair45.png
9,887.9,1,270,f,f,re_left_chair270,https://manayamashita.github.io/experiment-1/M1_1_image/re_left_chair270.png
9,973.9,1,180,j,j,right_chair180,https://manayamashita.github.io/experiment-1/M1_1_image/right_chair180.png
9,602.1,1,90,j,j,left_chair90,https://manayamashita.github.io/experiment-1/M1_1_image/left_chair90.png
9,851.1,1,180,f,f,re_right_chair180,https://manayamashita.github.io/experiment-1/M1_1_image/re_right_chair180.png
9,570.2,1,0,j,j,right_chair0,https://manayamashita.github.io/experiment-1/M1_1_image/right_chair0.png
,,,,,,,
10,858.4,1,315,f,f,re_right_chair315,https://manayamashita.github.io/experiment-1/M1_1_image/re_right_chair315.png
10,576.2,1,270,j,j,right_chair270,https://manayamashita.github.io/experiment-1/M1_1_image/right_chair270.png
10,549.2,1,45,j,j,right_chair45,https://manayamashita.github.io/experiment-1/M1_1_image/right_chair45.png
10,588.4,1,90,j,j,left_chair90,https://manayamashita.github.io/experiment-1/M1_1_image/left_chair90.png
10,746.6,1,180,f,f,re_left_chair180,https://manayamashita.github.io/experiment-1/M1_1_image/re_left_chair180.png
10,577.2,1,90,j,j,right_chair90,https://manayamashita.github.io/experiment-1/M1_1_image/right_chair90.png
10,736.8,1,135,f,f,re_left_chair135,https://manayamashita.github.io/experiment-1/M1_1_image/re_left_chair135.png
10,611.4,1,315,f,f,re_left_chair315,https://manayamashita.github.io/experiment-1/M1_1_image/re_left_chair315.png
10,810,1,225,j,j,right_chair225,https://manayamashita.github.io/experiment-1/M1_1_image/right_chair225.png
10,563.7,1,0,f,f,re_left_chair0,https://manayamashita.github.io/experiment-1/M1_1_image/re_left_chair0.png
10,866.3,0,180,f,j,right_chair180,https://manayamashita.github.io/experiment-1/M1_1_image/right_chair180.png
10,1051.5,1,270,f,f,re_right_chair270,https://manayamashita.github.io/experiment-1/M1_1_image/re_right_chair270.png
10,1017.3,1,0,f,f,re_right_chair0,https://manayamashita.github.io/experiment-1/M1_1_image/re_right_chair0.png
10,719.3,1,270,f,f,re_left_chair270,https://manayamashita.github.io/experiment-1/M1_1_image/re_left_chair270.png
10,514.3,1,315,j,j,right_chair315,https://manayamashita.github.io/experiment-1/M1_1_image/right_chair315.png
10,941.1,1,225,f,f,re_right_chair225,https://manayamashita.github.io/experiment-1/M1_1_image/re_right_chair225.png
10,680.7,1,135,j,j,left_chair135,https://manayamashita.github.io/experiment-1/M1_1_image/left_chair135.png
10,658.8,1,270,j,j,left_chair270,https://manayamashita.github.io/experiment-1/M1_1_image/left_chair270.png
10,491.2,1,0,j,j,right_chair0,https://manayamashita.github.io/experiment-1/M1_1_image/right_chair0.png
10,623.1,1,45,f,f,re_left_chair45,https://manayamashita.github.io/experiment-1/M1_1_image/re_left_chair45.png
10,919.7,1,180,f,f,re_right_chair180,https://manayamashita.github.io/experiment-1/M1_1_image/re_right_chair180.png
10,672.5,1,90,f,f,re_right_chair90,https://manayamashita.github.io/experiment-1/M1_1_image/re_right_chair90.png
10,678.4,1,315,j,j,left_chair315,https://manayamashita.github.io/experiment-1/M1_1_image/left_chair315.png
10,10623.7,1,45,j,j,left_chair45,https://manayamashita.github.io/experiment-1/M1_1_image/left_chair45.png
10,1292.1,1,135,f,f,re_right_chair135,https://manayamashita.github.io/experiment-1/M1_1_image/re_right_chair135.png
10,1019,1,90,f,f,re_left_chair90,https://manayamashita.github.io/experiment-1/M1_1_image/re_left_chair90.png
10,826.3,1,225,j,j,left_chair225,https://manayamashita.github.io/experiment-1/M1_1_image/left_chair225.png
10,2152.8,1,180,j,j,left_chair180,https://manayamashita.github.io/experiment-1/M1_1_image/left_chair180.png
10,937.7,1,135,j,j,right_chair135,https://manayamashita.github.io/experiment-1/M1_1_image/right_chair135.png
10,831.6,1,0,j,j,left_chair0,https://manayamashita.github.io/experiment-1/M1_1_image/left_chair0.png
10,979.2,1,225,f,f,re_left_chair225,https://manayamashita.github.io/experiment-1/M1_1_image/re_left_chair225.png
10,821.4,1,45,f,f,re_right_chair45,https://manayamashita.github.io/experiment-1/M1_1_image/re_right_chair45.png
10,648.4,1,90,j,j,left_chair90,https://manayamashita.github.io/experiment-1/M1_1_image/left_chair90.png
10,943,1,90,f,f,re_left_chair90,https://manayamashita.github.io/experiment-1/M1_1_image/re_left_chair90.png
10,546.1,1,90,j,j,right_chair90,https://manayamashita.github.io/experiment-1/M1_1_image/right_chair90.png
10,976.1,1,135,f,f,re_right_chair135,https://manayamashita.github.io/experiment-1/M1_1_image/re_right_chair135.png
10,559.1,1,270,j,j,right_chair270,https://manayamashita.github.io/experiment-1/M1_1_image/right_chair270.png
10,858.6,1,225,f,f,re_left_chair225,https://manayamashita.github.io/experiment-1/M1_1_image/re_left_chair225.png
10,789.7,1,45,f,f,re_left_chair45,https://manayamashita.github.io/experiment-1/M1_1_image/re_left_chair45.png
10,614.3,1,315,f,f,re_right_chair315,https://manayamashita.github.io/experiment-1/M1_1_image/re_right_chair315.png
10,608.7,1,0,f,f,re_right_chair0,https://manayamashita.github.io/experiment-1/M1_1_image/re_right_chair0.png
10,1264.4,1,180,f,f,re_right_chair180,https://manayamashita.github.io/experiment-1/M1_1_image/re_right_chair180.png
10,858.2,1,225,j,j,right_chair225,https://manayamashita.github.io/experiment-1/M1_1_image/right_chair225.png
10,790.9,1,225,f,f,re_right_chair225,https://manayamashita.github.io/experiment-1/M1_1_image/re_right_chair225.png
10,1442.4,1,180,j,j,left_chair180,https://manayamashita.github.io/experiment-1/M1_1_image/left_chair180.png
10,752.1,1,0,f,f,re_left_chair0,https://manayamashita.github.io/experiment-1/M1_1_image/re_left_chair0.png
10,966.6,1,135,j,j,left_chair135,https://manayamashita.github.io/experiment-1/M1_1_image/left_chair135.png
10,631.6,1,0,j,j,right_chair0,https://manayamashita.github.io/experiment-1/M1_1_image/right_chair0.png
10,630.1,1,0,j,j,left_chair0,https://manayamashita.github.io/experiment-1/M1_1_image/left_chair0.png
10,570.8,1,315,j,j,right_chair315,https://manayamashita.github.io/experiment-1/M1_1_image/right_chair315.png
10,559.9,1,270,j,j,left_chair270,https://manayamashita.github.io/experiment-1/M1_1_image/left_chair270.png
10,582.8,1,45,j,j,left_chair45,https://manayamashita.github.io/experiment-1/M1_1_image/left_chair45.png
10,1429.7,1,180,f,f,re_left_chair180,https://manayamashita.github.io/experiment-1/M1_1_image/re_left_chair180.png
10,611.8,1,45,j,j,right_chair45,https://manayamashita.github.io/experiment-1/M1_1_image/right_chair45.png
10,578.5,1,315,j,j,left_chair315,https://manayamashita.github.io/experiment-1/M1_1_image/left_chair315.png
10,669.3,1,90,f,f,re_right_chair90,https://manayamashita.github.io/experiment-1/M1_1_image/re_right_chair90.png
10,660.3,1,135,j,j,right_chair135,https://manayamashita.github.io/experiment-1/M1_1_image/right_chair135.png
10,749.9,1,180,j,j,right_chair180,https://manayamashita.github.io/experiment-1/M1_1_image/right_chair180.png
10,489.5,1,315,f,f,re_left_chair315,https://manayamashita.github.io/experiment-1/M1_1_image/re_left_chair315.png
10,666.6,1,270,f,f,re_left_chair270,https://manayamashita.github.io/experiment-1/M1_1_image/re_left_chair270.png
10,741.6,1,225,j,j,left_chair225,https://manayamashita.github.io/experiment-1/M1_1_image/left_chair225.png
10,794.1,1,270,f,f,re_right_chair270,https://manayamashita.github.io/experiment-1/M1_1_image/re_right_chair270.png
10,2566.3,1,45,f,f,re_right_chair45,https://manayamashita.github.io/experiment-1/M1_1_image/re_right_chair45.png
10,982.8,1,135,f,f,re_left_chair135,https://manayamashita.github.io/experiment-1/M1_1_image/re_left_chair135.png
